loss,acc
1.1058297157287598,0.6274999976158142
1.0657505989074707,0.6725000143051147
1.0504432916641235,0.6899999976158142
